;pnum.CalcPseudoPerm.Pdt;pnum.CalcPseudoPerm.TolMaxZ;pnum.CalcPseudoPerm.TolMaxQ
SensiNum000;1286.454047669013;0.3153340799840908;0.2085779515835383
SensiNum001;22802.376846545012;0.002557697775635795;0.035568423611038576
SensiNum002;4.653648369796012;0.08091764514752271;0.012605948926289195
SensiNum003;1.4469391847571393;0.010822881797985164;2.94790917175031
SensiNum004;51.671593311680056;0.01456216493554555;0.003003686341623739
SensiNum005;61033.75163922646;0.06017433888767985;0.0072062737393535446
SensiNum006;35070.944738131766;0.008317071236389726;1.391375208601373
SensiNum007;304.2738436671986;0.004566787892857932;1.2630379238062135
SensiNum008;2.051245613370886;0.03833497024706973;4.601387673088831
SensiNum009;27.87394438519685;0.06947498749135383;0.5706922110056154
SensiNum010;3361.6813729249434;0.3043152415422296;0.3177335889065462
SensiNum011;78.06774994027496;0.006315061816291286;0.0027587862074669837
SensiNum012;70.00166216003964;0.0013315050272134656;0.11995983816867317
SensiNum013;4360.476051088512;0.0013541131536759503;6.2392625426709944
SensiNum014;22984.069314039076;0.050038588086579044;0.12586294122555008
SensiNum015;28.59185524629144;0.1925568677766596;0.34902038817642783
SensiNum016;38335.77146834805;0.3241597794134964;0.09487496697360913
SensiNum017;11270.512475541429;0.029615076457796752;0.1470216609945172
SensiNum018;2395.5946979971295;0.13497485412428972;0.43024193565015045
SensiNum019;12233.980560658169;0.03804805023143424;0.7459955994312862
SensiNum020;59.72668009628437;0.001049854843987926;0.018397395767098933
SensiNum021;51655.58583409619;0.017728010530572956;1.7000978497436157
SensiNum022;804.8375652932799;0.01088487624619872;2.615921311582372
SensiNum023;7.9184184011610474;0.005851423262341175;0.0016323355531807015
SensiNum024;2.6514210026826093;0.10150216555685497;0.11626593791305875
SensiNum025;1826.7930502437837;0.12410545436003204;0.25876453121247595
SensiNum026;10.935786067253073;0.020077394548835944;0.053762113285073077
SensiNum027;80.65349841759273;0.03226237971786535;0.9739286225730068
SensiNum028;1.3220203778553403;0.0014263270895298313;0.14824579092140877
SensiNum029;116.94944467643667;0.0011262046837404254;0.15944286826023366
SensiNum030;70286.3488492345;0.19839769738031424;0.014338054431907228
SensiNum031;33304.13544400588;0.028942145357606353;0.002815491428660013
SensiNum032;52161.20694343391;0.04325449469413578;2.7345722202089493
SensiNum033;216.134655617062;0.008286396795585425;1.5265766509568617
SensiNum034;19.178182059388966;0.007931488150302314;5.661664225624088
SensiNum035;1839.5554784454612;0.0051287497144227754;0.021074535430533666
SensiNum036;261.68493361564975;0.1935024414816807;0.5413840215684862
SensiNum037;205.53074334870166;0.2317638306787334;0.049592181952350475
SensiNum038;3.5345731740171304;0.012045129459734733;9.960575096639282
SensiNum039;50.66071591683068;0.004874709187443568;0.12490434445090237
SensiNum040;1730.770883726953;0.0028228248166062126;0.0034407912355102358
SensiNum041;2150.7148595439785;0.027955230374116905;0.04889088640931382
SensiNum042;68037.55715548291;0.34194277847774546;0.006863535105262144
SensiNum043;1551.093717999046;0.0016413760086713511;0.8774654681630911
SensiNum044;2.0748407568145173;0.4422394540998641;0.7698719576613887
SensiNum045;6546.689880310568;0.004455393860487381;0.034609261860259234
SensiNum046;80887.02073716096;0.002561964800653943;0.8604809436889703
SensiNum047;2.5709461266758127;0.037077134750750924;0.002936516959499046
SensiNum048;12.884271014913498;0.001254557722680262;0.06806672575888055
SensiNum049;31.18062040180495;0.09598203577563177;0.058831703573872005
SensiNum050;11.810390018965947;0.0967534460177757;1.2776461788120752
SensiNum051;1283.359264451718;0.024066320793199335;0.012067303834400772
SensiNum052;731.0289235279124;0.003191181078037901;0.0020302878683524017
SensiNum053;202.20208932362146;0.011467088166596714;2.6237222498152644
SensiNum054;2727.623675222349;0.035623971299751235;1.2889345089805206
SensiNum055;4554.575271066402;0.1625424227020626;0.01940446657768671
SensiNum056;42132.69977661753;0.28677556015244915;0.039650897714549625
SensiNum057;20040.80643599102;0.03689908000882729;0.002948608276606287
SensiNum058;87.28489031240521;0.1812729052937339;1.1648031665572118
SensiNum059;1277.2980006010387;0.004912515026224016;0.19910303617445851
SensiNum060;32333.301479368878;0.05970005622407353;1.7212703263335127
SensiNum061;32286.179910607876;0.08651538241583519;0.38875444060656894
SensiNum062;6.120828840774549;0.005201031479975354;0.004031856985861195
SensiNum063;487.1091929062921;0.2917899697208193;0.0016803961407493506
SensiNum064;10.123582209386958;0.31874772689300296;0.6625306210301772
SensiNum065;16774.30577803599;0.0074155002086854025;0.0012058374335567916
SensiNum066;140.5303869528363;0.23804989047140881;2.0099446931887304
SensiNum067;61.00445088322038;0.18347139167111626;0.002156384878671857
SensiNum068;1.0242459887426107;0.23696922672524112;0.01621581042183923
SensiNum069;15.204327519161238;0.005258794295570583;0.6406102774815648
SensiNum070;18.179532342103712;0.25394843256331245;0.0035443410488489677
SensiNum071;831.987729338904;0.4012161279782562;4.466673531619993
SensiNum072;6.844468047979416;0.0028364906111787856;1.5958952916701639
SensiNum073;66776.70535591512;0.4369171489051191;0.16888854839009831
SensiNum074;242.26699623649407;0.12767452032781837;0.10144797117308677
SensiNum075;3173.26914751753;0.14214775205833485;0.04159010839664073
SensiNum076;53567.873383070626;0.05184888801982953;0.7665702305696751
SensiNum077;2954.313379854695;0.028050334001744278;2.4104229290802017
SensiNum078;11189.8008757957;0.30077550413643517;0.02296592146252622
SensiNum079;239.22789182361467;0.048879893814285695;0.024277735509661832
SensiNum080;10.464661988919158;0.18174072766506372;2.0694596354693786
SensiNum081;5108.3422582884;0.009025367960099605;0.0026492545487608963
SensiNum082;37059.22129933545;0.008070551682989686;0.010018179317184718
SensiNum083;1377.9833552739642;0.0029077121638937647;2.445236090796021
SensiNum084;938.8177547125526;0.01230738598605118;0.0019365192397407629
SensiNum085;2903.94920700153;0.07725880137623413;0.06789620405646069
SensiNum086;2.4662259096198365;0.4760252533919066;0.01647861351907075
SensiNum087;17.605356577010927;0.02076169865027973;1.9873675951908607
SensiNum088;2197.3539755268425;0.11760958096026879;2.078117703346984
SensiNum089;58.817416809768844;0.02010517733742427;9.035900606084088
SensiNum090;118.56964935956567;0.326334661315896;0.023983582723206085
SensiNum091;38.58087552828776;0.1549913620337637;0.0065109844587127545
SensiNum092;8755.918680393344;0.04094965929359425;2.5252688239417065
SensiNum093;693.8585912895367;0.15562306429725734;0.03128452089079907
SensiNum094;41.9493854935759;0.0052471876744095685;0.14343504310214403
SensiNum095;62621.69010330928;0.003518934497363989;0.1751629954003279
SensiNum096;359.1497761520456;0.08227174835360083;0.07646831713694434
SensiNum097;3.4060956845168504;0.0024216697367463545;0.09952272695434375
SensiNum098;30290.88786956531;0.00955138372878861;0.03726365102166584
SensiNum099;5024.867974488505;0.010151484742273667;1.1472582510913834
SensiNum100;298.33804077912316;0.051777711703906555;0.023786790880216135
SensiNum101;346.22018899149424;0.2716379542299161;0.08997576978716107
SensiNum102;31675.293620240052;0.0035076273361188863;0.031160340633610388
SensiNum103;3588.0247625067072;0.001745173923228175;0.04078280599705465
SensiNum104;790.2054612472109;0.007793919780315828;0.002438473910486518
SensiNum105;11768.81729456438;0.36193214408010105;1.8588790702732438
SensiNum106;3277.496942042627;0.001203325847746666;1.9459661517338267
SensiNum107;5.4208928418198825;0.0275304485120535;0.014573473290572523
SensiNum108;11694.176260450966;0.21819077112994348;0.005442179743341706
SensiNum109;580.4442007754744;0.0017472146438815403;0.37981233432950356
SensiNum110;1680.9279443587247;0.017990862786651053;0.024628869779568803
SensiNum111;1.2544870895725193;0.008712726678751033;0.0011284653106597739
SensiNum112;3689.0293203959054;0.36060369966511535;0.005330407763545384
SensiNum113;4734.198214318996;0.004649215297737868;0.11897011380641186
SensiNum114;25.794940773309;0.22364860371137224;0.6388222312336641
SensiNum115;17151.691982862638;0.0425047051723795;0.0017663543479948896
SensiNum116;389.1518488027393;0.14658968064494668;0.012867073960276348
SensiNum117;52308.5330883141;0.32037676718503755;2.224564376639874
SensiNum118;16.447280784490278;0.018584193503341347;0.3031689848322608
SensiNum119;13.07520975305468;0.0032394289710994248;1.5862184102845063
SensiNum120;52672.146479115814;0.21437190124491798;0.32687468224999705
SensiNum121;952.8337407667801;0.2265109327982722;0.024854024158777542
SensiNum122;263.1283302639185;0.006382946817988095;0.03487787711887151
SensiNum123;147.10645124660167;0.0888469878884511;1.309177211244615
SensiNum124;4.402831385009272;0.0010629842366671372;0.14089293926629753
SensiNum125;37827.47407382478;0.15023923622961582;0.10288091437169973
SensiNum126;3.1701127146500405;0.0026579800168978315;0.027981677853089318
SensiNum127;40.56715914076747;0.003080150287321411;0.36235179057363576
SensiNum128;94.79609059378349;0.06259596145261442;0.6964053255549207
SensiNum129;100.58920523590152;0.016067052948615046;9.236947018511646
SensiNum130;93.22610549286074;0.017852217100576922;0.0016357385737250747
SensiNum131;25934.296851067127;0.16043300218811238;0.02932576786478048
SensiNum132;3.74678578649228;0.001555554453568888;0.0033573731818346115
SensiNum133;11.599548650842786;0.014871481568290521;5.8412888799468226
SensiNum134;4.025754342516017;0.046114292533482114;1.5297202604214375
SensiNum135;5.336684513423306;0.005582324191568533;1.200365042887536
SensiNum136;52.47234502373242;0.09218576722330639;0.008243535821337097
SensiNum137;388.57215998710046;0.3134118639406732;3.3333652858235547
SensiNum138;5.045860321937491;0.009142401330741793;8.851662113363847
SensiNum139;27.78167126977566;0.0965318021623242;0.44687243274000044
SensiNum140;414.85104692864144;0.08187736494701776;0.04361663241173986
SensiNum141;3461.9381715754666;0.0018992993373253433;0.00634300153489073
SensiNum142;16.303950313704007;0.19772961960383925;6.144734902199436
SensiNum143;712.6229600202178;0.00253432035297063;0.007936361754443419
SensiNum144;23332.923258174356;0.0927475402545676;0.001758229627140357
SensiNum145;28.35880527630408;0.42751300552096366;0.09132249383865074
SensiNum146;12552.9073529937;0.07367736594288342;0.0184341855591065
SensiNum147;2513.174662854248;0.47269243958121515;5.0455159175173785
SensiNum148;1.9901508107914951;0.0036596788880053095;0.010534890654537558
SensiNum149;9143.936800321766;0.12473449282470553;0.8547005299170792
SensiNum150;54.16003629408307;0.07081500574004668;0.7444994840412283
SensiNum151;7996.522353254554;0.014934801834151511;1.2202339924563355
SensiNum152;272.4625868260334;0.010939444801661383;0.008571919470684187
SensiNum153;35.680303887201816;0.1597210979112173;7.6345568115571885
SensiNum154;3826.186944203233;0.01280655460658309;0.005472126632292068
SensiNum155;1.1115082979849293;0.0019858207346746585;0.005753785601086685
SensiNum156;565.348575593222;0.009855045032622698;0.10967281535696337
SensiNum157;35709.37430285914;0.022428768151766407;0.004059655126589969
SensiNum158;50.90906387512748;0.005428528530216033;0.047894351307364254
SensiNum159;5981.785467871689;0.24878609465478066;2.594533695555947
SensiNum160;1100.5166548321781;0.024193537422428746;0.2628125659713236
SensiNum161;7.654219941390465;0.0011420996409756351;0.002177774813062571
SensiNum162;74.03594267008198;0.011670101089995085;0.11569407150379431
SensiNum163;2.457064782348713;0.003215784332424288;0.2131059024146628
SensiNum164;613.087838138906;0.06101123403685989;0.03648205014126412
SensiNum165;14.954698754427202;0.0236719476124265;0.0011265207034519358
SensiNum166;2057.4477401248705;0.0010287531062060714;0.7731612686388621
SensiNum167;1771.8978422020161;0.05203206199680593;2.6337702749352885
SensiNum168;153.55900793037222;0.31921181988736436;9.883755670513866
SensiNum169;4748.788980986083;0.0022790431851382313;0.0025603497908050672
SensiNum170;16290.955279872995;0.0019818845095659677;1.7261855614183943
SensiNum171;15.513197341500407;0.39062831530918557;0.17860751277198422
SensiNum172;1.511523330074738;0.31347878140201735;0.059441825780230224
SensiNum173;175.71223272555443;0.491990310295709;0.4577534722919411
SensiNum174;10549.871207985723;0.022005424955358725;0.25215591314107083
SensiNum175;43204.63167726111;0.36788258660249973;0.02354550315756194
SensiNum176;15507.334890537255;0.01734550534560377;0.8997957730850573
SensiNum177;152.62143381090866;0.10257475481515389;0.03363404488077144
SensiNum178;38.39381497349104;0.3715846259826692;0.0012254979996097538
SensiNum179;17.471127831167458;0.13980679483321706;0.0012234269877324695
SensiNum180;490.3077358062325;0.01718131137204382;0.007192869052440903
SensiNum181;1.0709800965441403;0.2984554460280898;0.0025839220648775476
SensiNum182;17622.466457163297;0.02771270489005662;3.9473882518759233
SensiNum183;54.39348008822439;0.4727567291135106;0.09402203862601577
SensiNum184;6559.789358560949;0.003862445916534053;2.7611314651138863
SensiNum185;1004.2481957060062;0.08199626963865357;0.0018852456241372202
SensiNum186;237.61556348629574;0.030408146519132036;0.0013792622658532164
SensiNum187;9162.717263498953;0.3100601386320188;0.00458979245040491
SensiNum188;1221.0435448946248;0.001235534922171751;0.6335160560788413
SensiNum189;4273.055666696255;0.0034224647303455215;0.0352179623375454
SensiNum190;942.8805481164283;0.14714805947102946;0.0742597962833814
SensiNum191;247.64464859197702;0.11604118264403382;0.08245320434076125
SensiNum192;5.24140151717652;0.0010330236798609888;9.398024586781665
SensiNum193;24.49142623570658;0.2275938773300917;0.07526467323366752
SensiNum194;13.76093116480621;0.056938392849675945;8.614113908735138
SensiNum195;12176.625750914322;0.0064223037968775395;3.28340754870707
SensiNum196;84.30823257880773;0.0895624104620348;9.861635446292954
SensiNum197;17.10647223182265;0.046595265911437096;8.98217594517144
SensiNum198;14.793886887652501;0.00525782511715802;1.7202993418334473
SensiNum199;5505.732928338113;0.001222879129479138;0.22724930872528698
SensiNum200;4.333928938466647;0.07280113543544593;0.058174256688768806
SensiNum201;36601.408353316794;0.0011997833546996052;0.025929503145562017
SensiNum202;387.0922751175738;0.24530696733931318;0.1256455061051335
SensiNum203;73098.54241825304;0.06260749160311128;8.825679727309602
SensiNum204;76033.17111515801;0.13780769647937283;0.044771234610348334
SensiNum205;34.03889559155272;0.10415757482898086;5.0540212790172765
SensiNum206;13.871881824489783;0.14066046960453482;0.0015101325106336094
SensiNum207;156.8275891272808;0.025818718942756096;0.05467945213009758
SensiNum208;8.08408574105473;0.0044986478133739885;0.6649702615181677
SensiNum209;1.0967063149997474;0.0015922829915774202;0.04065781778977596
SensiNum210;11.659360279870377;0.011240563025760882;0.007008668268099529
SensiNum211;898.3728741471431;0.06635522975769331;0.007049617130775179
SensiNum212;1594.530855425765;0.390632846935719;8.257074242510688
SensiNum213;16847.49448054491;0.08595078588452838;0.00286197201978386
SensiNum214;2.573728262696122;0.04018305475501559;0.0026845078353220013
SensiNum215;173.96570873379397;0.06562938604555085;3.3490226009453923
SensiNum216;311.83533220206874;0.05579034524355899;0.05971724774665129
SensiNum217;1.26141860381143;0.28615455925340927;0.014909122292057046
SensiNum218;7.153342092964219;0.3213180038614243;2.046259453934446
SensiNum219;8.20357144708986;0.002608212620178445;0.07138530225994229
SensiNum220;14970.54066418641;0.211995140930193;0.004983145360391463
SensiNum221;303.38787796451186;0.006201283067637667;0.00584514306867168
SensiNum222;21.924332641716862;0.19760845157771623;0.005148746656827175
SensiNum223;1464.4221468109736;0.2316332515628739;6.12858667609178
SensiNum224;606.4900079890296;0.011740634183883396;0.005646246744849924
SensiNum225;1.874698625874362;0.05025609259176208;0.022126945739197584
SensiNum226;9009.316475319809;0.013864546212203822;0.1491576426038637
SensiNum227;5.2567600054804355;0.1253129111009424;0.038989665193755865
SensiNum228;7117.428718604044;0.08735007119914943;0.16747900821125525
SensiNum229;973.4509773430576;0.03743664213053703;0.008619586947653765
SensiNum230;78.76818788100928;0.03452898669494922;0.49746630914126794
SensiNum231;191.1579609420055;0.1779007886872981;0.10992582615520635
SensiNum232;4.196255923152866;0.0011078334541172294;0.29040981336587135
SensiNum233;4.978179994947657;0.40570692239355827;1.0619685209300938
SensiNum234;6092.52171765926;0.02678394865449212;5.740235344104558
SensiNum235;9.656057561225406;0.47687110984327447;0.13158808109760545
SensiNum236;58.629970628855794;0.21523707138758388;0.2051497326871514
SensiNum237;3223.738578465889;0.11872723667897843;0.14797245948658755
SensiNum238;75477.59497756019;0.2403610523658082;0.056243465130054786
SensiNum239;11775.981877878674;0.0034873815245470663;0.2318489844740197
SensiNum240;23.08645929651751;0.07067488432446617;0.00732627397326981
SensiNum241;5797.588421335282;0.023863877915959016;0.016744523335686563
SensiNum242;50.26220245481791;0.07987045163333628;0.42010587220770107
SensiNum243;4157.089815757295;0.031904591966948954;0.12931089810882332
SensiNum244;1800.1607381663282;0.007032592283801746;1.5746714926933958
SensiNum245;3939.461012060468;0.03973311777817704;0.053697362897852374
SensiNum246;3188.664374210429;0.1028871830940352;0.0017689926721509111
SensiNum247;3.3847499978184987;0.0923076161565494;0.003152419692201968
SensiNum248;1.274348246014258;0.09719734534217392;0.40315522306937845
SensiNum249;1.886801214403774;0.08184137211868296;0.003064301386637385
SensiNum250;138.519223340399;0.3499871711448582;3.6141638860448415
SensiNum251;44069.21138944729;0.015784558797840444;2.4381157770096866
SensiNum252;1087.8213679994503;0.011082926115126951;0.20569031227698523
SensiNum253;28.91505743496184;0.28657224311155854;2.922185556517488
SensiNum254;20395.157176254463;0.2990133943307446;0.0586305215096386
SensiNum255;8.448275497762419;0.056752645736977615;0.002835370055127589
SensiNum256;26290.050865221227;0.2419758669830579;0.10111730110691333
SensiNum257;2273.3641516982393;0.001122009070735152;3.308586400463912
SensiNum258;40818.328338886655;0.17609218920904124;0.002391838895710388
SensiNum259;58.798872270548024;0.08317331385222305;0.3903438336292883
SensiNum260;9.4147817955749;0.01389109445630914;0.0022497480596472526
SensiNum261;75288.62171361884;0.02843440774204698;1.6312804205619924
SensiNum262;3112.041378671466;0.00748450402731242;0.8744450348031929
SensiNum263;473.9131380700257;0.2756357535655945;9.171703169870657
SensiNum264;60.23526732540922;0.007895078749627565;0.002313075402738566
SensiNum265;28211.276673897835;0.015884468240096206;0.015728452008782274
SensiNum266;20350.554869205545;0.19001254286632174;0.4633361549173161
SensiNum267;38.16984842599901;0.39506890890747315;1.2183654045607328
SensiNum268;82914.50131407194;0.0789465641283083;0.007892335289750706
SensiNum269;34.613252735132185;0.007526645190516401;4.221995713764017
SensiNum270;12.281455178356103;0.29086771101462605;3.9986829534493924
SensiNum271;53.33910388214491;0.0018442775006974642;0.09899466561117498
SensiNum272;48546.80765432757;0.044910787617468056;1.7686786716865772
SensiNum273;1.7203697067213426;0.006271846593631589;8.032754502212766
SensiNum274;2.4583285407286155;0.09911762505975466;0.1088334756003365
SensiNum275;1.9934312112966088;0.14586627711753347;0.03343750853067023
SensiNum276;1.7171796714411371;0.0038640057010367905;0.013008274693178088
SensiNum277;89.18246299977586;0.03653949762176211;2.174960341646029
SensiNum278;20029.708747503813;0.017878062867450972;0.4159615333342361
SensiNum279;1.092204883851302;0.0010704935923144877;0.767890873069719
SensiNum280;56944.082392696146;0.007429513049415055;1.3347796315205358
SensiNum281;5.5276987247002145;0.012415519553107102;0.09877973994687914
SensiNum282;6203.479032777489;0.0033649728219342597;9.760682466960748
SensiNum283;369.04982616372547;0.02175000636456246;0.004890731221240685
SensiNum284;46.321180436312005;0.0562082331220042;7.043294208676025
SensiNum285;11136.536570488894;0.03556898881315878;0.029707619181215443
SensiNum286;104.20301465783284;0.01066117599707951;1.9208975763181397
SensiNum287;1.1486032618819377;0.0023762782767206936;0.005340427945837366
SensiNum288;306.3862063228518;0.03823981150639124;0.02687636235429782
SensiNum289;28.316478772890793;0.011844190701274696;0.0021230471409295106
SensiNum290;13.617538943455296;0.12858094632462722;2.4590326601802523
SensiNum291;14483.801207458835;0.04416644610028853;0.01922446977190107
SensiNum292;1235.748716214751;0.07356140985005444;0.47666069934440547
SensiNum293;3.7822966785854635;0.0033594857786597002;0.0035765215723379726
SensiNum294;1.0493863479466723;0.0012745276499433573;0.7101147197977075
SensiNum295;2.9746676785302073;0.001183482969396154;0.012488183850509533
SensiNum296;110.99435619031695;0.10292585606747294;1.0724252378251817
SensiNum297;15.597820725856543;0.02824468934484201;0.13908652896442822
SensiNum298;2800.6073355102285;0.005258482612687653;0.3243028015402232
SensiNum299;8243.368797578807;0.07064036674569654;0.2763797235217854
SensiNum300;36.02633265039398;0.0015029205042894882;5.401026152702377
SensiNum301;298.89453726452524;0.0030243731194933964;0.016398028042505945
SensiNum302;40401.34711550824;0.008111010561944347;0.031351093646275884
SensiNum303;62278.63414336122;0.004789816550249867;0.0045061576874269324
SensiNum304;11.543354263289835;0.0013892096579367504;0.22327034980716437
SensiNum305;62.877679912460394;0.19277186476872638;0.11513000050131218
SensiNum306;3345.153088669776;0.004765277597231116;6.513248944928627
SensiNum307;1411.410489717984;0.002657353038543025;8.509216716216105
SensiNum308;18846.320701062567;0.02035593744280807;0.2132611234606448
SensiNum309;240.1904812818893;0.26424404235680204;0.6988806833717882
SensiNum310;2.1986955957549585;0.08526507602502693;0.02284501811194827
SensiNum311;271.0303698112078;0.014796150405796226;1.5227359379150052
SensiNum312;2.7225866591060686;0.011654810284210301;0.0175356266435315
SensiNum313;415.471276787625;0.00411928717648077;1.7266518129995836
SensiNum314;30611.662118306354;0.07100788623107812;0.007849141176297638
SensiNum315;107.40756783890782;0.009237733028286623;0.023646291236239448
SensiNum316;5.7668155734715505;0.0020758886607303126;3.650133672225943
SensiNum317;163.75867703035854;0.25748334835687486;0.2170730632669161
SensiNum318;9.66004329165144;0.20851530442137484;0.1225599528275934
SensiNum319;402.3806547584346;0.072581703029233;7.688653958422628
SensiNum320;272.4056411217477;0.01334391707225516;8.565843697156348
SensiNum321;27.41066269661585;0.041611182077980896;5.014693908909272
SensiNum322;60.065055188901525;0.015589907413080533;0.006540435652233229
SensiNum323;990.7628064572165;0.13725325693656282;0.5350572356430889
SensiNum324;553.5494311000406;0.011379413092388425;0.05329876316370498
SensiNum325;530.9906561529814;0.0011963395717733301;0.17007934862397062
SensiNum326;919.373200663395;0.03363271843095053;0.009693637159930388
SensiNum327;28933.983386065967;0.4108555953011368;0.00820582507148049
SensiNum328;11.948587379797466;0.06025803135914578;2.7137910994357726
SensiNum329;436.08107151028196;0.07793146008788931;0.0019335628717949268
SensiNum330;15.739407928888335;0.0016425012605995476;0.18303772768198634
SensiNum331;122.78973088516373;0.0021921205877224906;0.0018912750104518642
SensiNum332;4.910002653916126;0.0430472670286505;0.007116155996229184
SensiNum333;13495.11244418811;0.05769277962553591;4.139498706265086
SensiNum334;51818.34231449751;0.024694616559704365;0.0019300684425778588
SensiNum335;8752.539721786441;0.083760569309121;5.614077665147156
SensiNum336;5476.36915963498;0.014733323915746818;0.022348403674148705
SensiNum337;1103.1677706047074;0.44509658925674644;0.01276662757164912
SensiNum338;55261.95736386327;0.10022950910064661;0.35247389451585753
SensiNum339;1.7513430007031345;0.002650514931825578;0.028619426930367595
SensiNum340;10206.863813477834;0.0014851814217821657;0.010020231717266908
SensiNum341;152.14977534768394;0.001985361016414767;9.236062862233664
SensiNum342;429.5304734330216;0.0016754030845660347;0.001799463911641814
SensiNum343;4.0078870753118485;0.021836423884261484;1.2171512761862753
SensiNum344;3841.44903034315;0.02575544845350737;1.9536954814060576
SensiNum345;42835.17928524765;0.0015694341090604644;2.2864902004437475
SensiNum346;3.166645224575769;0.3992364510892872;0.005424198864017944
SensiNum347;24931.82593908196;0.001186752062243555;0.32582209226189035
SensiNum348;445.5989276031306;0.46261173545587453;1.2905338949627652
SensiNum349;28.121919546078757;0.002954556453840717;0.005725193796110215
SensiNum350;18430.330081406395;0.0055012805646237955;0.15811845459900692
SensiNum351;1257.1900180446319;0.010141720504768921;0.006935553758171667
SensiNum352;9.385568453436306;0.015031021348015695;0.1802663044528264
SensiNum353;10.575961996352655;0.002508761097684822;0.32280709485632375
SensiNum354;83258.86611308366;0.003707863081324737;1.0733945438943695
SensiNum355;1.0164366461683014;0.01040839996260693;0.6719233415177946
SensiNum356;35.178769576636164;0.02816642655313088;0.003813328858598973
SensiNum357;1.2549670087792508;0.07591852990565075;0.001012024723095298
SensiNum358;1.795752772097526;0.0010196414623116672;0.02236162362474566
SensiNum359;9.712990921926204;0.03414091212778305;0.04206405852701062
SensiNum360;1.3856106541838384;0.014962847681837992;0.01551293961833879
SensiNum361;594.9043126347055;0.001934114764002384;0.0020933665968600654
SensiNum362;2033.6254022165015;0.0020051921005829025;0.014625015122074229
SensiNum363;579.806456803769;0.007914687310014558;0.009915460377930558
SensiNum364;844.986766187278;0.08744393360941675;0.022733426333172938
SensiNum365;1038.556437028871;0.3580163470802082;0.09932527956277687
SensiNum366;194.56024799792144;0.4324630261698883;2.0669019990121167
SensiNum367;65.33575119336597;0.003688473960911881;8.373028901865757
SensiNum368;25891.57157095243;0.47299372268366563;0.0012706424598476203
SensiNum369;32185.465730397795;0.020240392502122194;0.13861434820359378
SensiNum370;3.9879926301010404;0.018362220604569542;0.2982196026608043
SensiNum371;3.128071298130861;0.02098288802093945;4.765357148684002
SensiNum372;6.17502500732595;0.033934762071526174;5.809377479976203
SensiNum373;4654.956134014192;0.11142615166813874;0.009270013499644729
SensiNum374;5.361857948088951;0.008458798652145333;0.3542080477041372
SensiNum375;2129.0056725646577;0.259891718420698;0.006613967075270728
SensiNum376;15.340304663501517;0.03370644682589777;7.518295677908447
SensiNum377;591.3483702901924;0.0028755189028965844;0.5184883106314553
SensiNum378;271.3917173709659;0.001582858862413355;1.7756616735562747
SensiNum379;1136.241747207104;0.00788641860547106;0.018024633984249236
SensiNum380;801.7909038118187;0.004206467697345033;0.0011314375744348462
SensiNum381;5431.099411383264;0.003641299364063236;0.005040371208860715
SensiNum382;142.1738085306184;0.004857616373545038;0.036297476308285115
SensiNum383;7.7752461340230745;0.13019072482528715;1.02615528576256
SensiNum384;197.8286946282184;0.004258042399784202;4.322436694962519
SensiNum385;8.577690981683672;0.10995546971548882;4.870879627073968
SensiNum386;1965.8375590901915;0.12345251873510257;0.007457085755234817
SensiNum387;2306.4977792981276;0.004150860667961329;0.20186862004621758
SensiNum388;1.0891986084808714;0.3864870623512287;0.0014710453237136282
SensiNum389;9.689048785717066;0.018618991079109394;0.083957206475647
SensiNum390;16780.115408533118;0.01081610049868507;0.003240713722136055
SensiNum391;276.2813476190481;0.03294936694885576;0.3836460191141761
SensiNum392;5.736726185987906;0.3556865212900196;3.0018753109250165
SensiNum393;23.977210220849525;0.03878100744552401;0.6723372326216457
SensiNum394;1.0126370075855229;0.0010854934691641835;0.307191045232702
SensiNum395;28.74466883896648;0.0025821823869786042;0.4185306211137581
SensiNum396;164.7653545631743;0.13575166627211566;0.16089915190354692
SensiNum397;35797.98101977897;0.01104955206352577;2.487877050969036
SensiNum398;952.8066012530633;0.3216208198149735;0.26712693908981133
SensiNum399;65697.45785467351;0.0021171118864189873;0.9755797016659212
SensiNum400;1.0597628831649595;0.31296115683215076;1.4768109610577471
SensiNum401;3.817534540334448;0.029513411328633766;0.12284795969130519
SensiNum402;1598.4448527067134;0.3109382399564623;0.0022945512332746896
SensiNum403;14.116575555440178;0.10251176461854898;0.6968344773238335
SensiNum404;13.006984812372835;0.1713211091115032;0.14939429144666255
SensiNum405;66.47182279386962;0.08477853816114035;0.15442063394853867
SensiNum406;2.691561868013905;0.3285089244695807;0.5112526103628837
SensiNum407;871.5292218965297;0.0012995028361059858;7.179678743153512
SensiNum408;13.132204081922431;0.04482396385858522;0.07393067441840434
SensiNum409;28.88636510708008;0.03740428279220986;0.00803433578749798
SensiNum410;40.41934197017697;0.09786149857894892;0.31289722535531234
SensiNum411;10089.226677116027;0.3638643896925636;0.06474098068078665
SensiNum412;81.83608630444854;0.01790587759646857;0.001928325676514984
SensiNum413;45.58178801743612;0.01156825048490447;0.013425878008721092
SensiNum414;5549.301348920449;0.11470398149567837;0.009732960148634548
SensiNum415;36.47670310256946;0.036364269059458935;0.12491889033079442
SensiNum416;373.0685754938521;0.001909870157677135;0.018307370019292744
SensiNum417;76198.0636692985;0.4245775631597112;0.0037673375530290123
SensiNum418;6363.669386946219;0.0037203885679124925;0.010657806270706924
SensiNum419;1523.0807991936274;0.4804307298424538;0.03307487171038046
SensiNum420;169.06783280477177;0.044460881663913786;2.793806731299668
SensiNum421;4090.2383992320797;0.00806344562446996;1.0728498910596196
SensiNum422;26.423271489395415;0.03952462412519652;1.3870855747986912
SensiNum423;28367.409619580616;0.13999094421858885;0.0026400282714832773
SensiNum424;366.5038878383138;0.017145813584495406;0.10558593424129278
SensiNum425;68.7756800934889;0.055760785460633545;0.0032917854789861994
SensiNum426;5024.727979121842;0.18251068622409383;0.9761634521585557
SensiNum427;1.8663836672129122;0.03601094511746182;0.07184518090166374
SensiNum428;30868.655446776975;0.1461065789703185;0.2332886351523833
SensiNum429;196.94028146809535;0.006762945642552174;0.4510126424221389
SensiNum430;1449.2550178509832;0.03526991722754665;0.007023283314039689
SensiNum431;5.370417602843604;0.005277209706159542;0.0032515458430039126
SensiNum432;5.199346629109521;0.020280366083124793;0.014582452431443568
SensiNum433;2.6421386226802426;0.0074436747287303946;0.005547243338410578
SensiNum434;57151.392281265995;0.0013505530274079292;2.3250914537689726
SensiNum435;9804.677002288201;0.23168100346088605;4.371493840985281
SensiNum436;30.47576555803185;0.22363123676294627;0.07888588679470782
SensiNum437;22.32824557179963;0.004224213887454383;0.026400749629600515
SensiNum438;27800.56525235837;0.003772842006925648;5.9001974946706035
SensiNum439;1.3403800179759624;0.0020042155843231027;0.11258760203959522
SensiNum440;130.22756247892218;0.42252339605577194;1.7044676750386443
SensiNum441;1972.9808871390428;0.005423401143888433;0.32707634960759496
SensiNum442;29.057554277112466;0.06957433506565165;6.700874583466609
SensiNum443;60982.696658213805;0.0015318126957007882;0.047255547873308684
SensiNum444;4360.777646000731;0.39447368097079016;0.01987547070452454
SensiNum445;17981.75100478894;0.025413446977483746;0.368553980850619
SensiNum446;27513.289434380666;0.06789650314409096;0.0022725311273584237
SensiNum447;1.7403248015674684;0.006127751356313129;0.003115693132565622
SensiNum448;3.214867762282907;0.09794158490362126;8.467461102091615
SensiNum449;2.9549548886652963;0.28098527992983724;0.07542856869355061
SensiNum450;44771.985935179684;0.13662544349549294;2.907237254762901
SensiNum451;56198.628045873484;0.058707926943558295;1.0869584296989234
SensiNum452;39.451836330313135;0.13450191449074178;0.053260021691482376
SensiNum453;36.00926045493249;0.034385925423946626;2.9595428510751094
SensiNum454;21970.3359279293;0.0024573796961331633;0.11042621991222568
SensiNum455;251.58673543333686;0.015290177751945655;0.13503752191663895
SensiNum456;573.7428571354847;0.24563627393008963;0.002000534411686451
SensiNum457;61.27503142385853;0.15433978180552607;0.017681593831395292
SensiNum458;123.44044685402628;0.0054250435222059;0.04217950786879755
SensiNum459;106.07564215402266;0.016040450144158704;0.055849393442926186
SensiNum460;802.5232762085326;0.0012831339051359426;0.007099748094835681
SensiNum461;17.550790966012748;0.022083944297394773;0.14262169299813954
SensiNum462;28.725452413320294;0.004931745968423845;0.08538828484153659
SensiNum463;2.0162190999433713;0.023193886923990915;4.046829063238229
SensiNum464;4.711867493542971;0.018457611777776262;0.005675892450089738
SensiNum465;182.8889624501126;0.023709425965041116;0.10966874247974377
SensiNum466;15.32653644238685;0.18728022051593202;0.2173951413632621
SensiNum467;267.020939820098;0.017627241525215324;0.006939917251357586
SensiNum468;32573.112120922968;0.0013926000331527478;0.015377554709059691
SensiNum469;1033.1234333108364;0.02799994347048495;0.01318778474242308
SensiNum470;64108.38207861819;0.00562280169764471;0.047462244336135696
SensiNum471;1123.3412983514313;0.002148840434703073;0.007124735491669197
SensiNum472;1.0861353091752122;0.006728996552557228;1.8972189028500226
SensiNum473;48.14301141068884;0.41964659936333576;0.10319783921997175
SensiNum474;77227.64722496725;0.0029052230848055326;0.019001876967728728
SensiNum475;5.705351378346473;0.004524395290513433;0.09427735042362276
SensiNum476;1.6055485348367229;0.011993850817706545;0.2710339930885907
SensiNum477;780.5746742358489;0.0016150253367723333;0.24912139198830857
SensiNum478;45.418451488798816;0.0010589353806899665;1.229467721841018
SensiNum479;1.7131392577003801;0.031056925819635543;0.0038475166221013874
SensiNum480;79909.61052097414;0.03968061664199517;1.1694604847084238
SensiNum481;1.334444090510149;0.4305796337866836;0.0073391941885361115
SensiNum482;3862.548236616113;0.023813604447865733;0.20031512483967318
SensiNum483;39.004712356650764;0.19955554297015657;6.584864092010412
SensiNum484;10134.761229485423;0.29674189604092827;0.026201598201314732
SensiNum485;885.7504623935158;0.04299021426447873;0.007152371624908087
SensiNum486;15602.596445928177;0.4585682737511802;0.0014373481820123474
SensiNum487;68.28367881940646;0.0996671548520564;0.024013490921163484
SensiNum488;9014.389769222902;0.3296467127398705;2.6739256135571154
SensiNum489;5595.479758789079;0.011328905734436314;0.004223420500790374
SensiNum490;2.6311853683686;0.15906388900850335;0.0654124347024272
SensiNum491;251.72952898197136;0.003832517038535144;0.30186420142906256
SensiNum492;481.1251822018162;0.0011214710126349976;2.4912401853362764
SensiNum493;2209.058169141426;0.0034221936756503014;0.09696194069159789
SensiNum494;135.4635460556502;0.0033616050712034023;0.0042244730639483166
SensiNum495;34.440556183893435;0.015075202425381707;0.0013252096563925854
SensiNum496;1.093946467326282;0.04652665312422748;0.854324067140421
SensiNum497;1.5028365992792796;0.017502872145182247;0.04030767870190184
SensiNum498;10.223807450529366;0.14943017167381384;3.096289010273402
SensiNum499;54.232603581279896;0.003333629182187393;0.10347209538581428
SensiNum500;17.900414537416797;0.001382378680871824;0.4220968706050246
SensiNum501;131.61731771550606;0.006081249124052973;7.296356351708201
SensiNum502;1.2614537385286189;0.0037610985552902253;4.408350039161723
SensiNum503;335.71013509155637;0.0017174714185179837;0.006671641178903529
SensiNum504;238.24308822601876;0.0572426481600109;0.6766390319315546
SensiNum505;67819.2323756438;0.003464986891467698;0.13752447420460248
SensiNum506;3797.424675303186;0.009947544242623466;0.020262275908562204
SensiNum507;521.9538385197202;0.015208377749803176;0.009575492897583547
SensiNum508;6163.2928119904545;0.003408517355873358;0.005348502968263693
SensiNum509;648.8240290004763;0.0022194834121942123;1.444992056274323
SensiNum510;1273.6306057799009;0.009169355162664428;0.0011991224318238472
SensiNum511;3259.3368995108526;0.0048337967116445744;0.6279222467538863
SensiNum512;63090.28570521005;0.002660193580238778;7.6570551835867064
SensiNum513;78.08404688127793;0.3247906248372294;7.438624562075215
SensiNum514;3444.6134599332418;0.006880522006888248;0.01769333043628632
SensiNum515;22953.544085882688;0.0909376649141047;0.023554702096474305
SensiNum516;30813.67421626443;0.012518058199222134;0.07866492906937683
SensiNum517;1.7880170542478935;0.001886502293221609;0.037336802897077644
SensiNum518;3653.948239177398;0.21376845105462394;0.0013042514389103755
SensiNum519;21552.441680641718;0.00979738687270353;0.01940228826634518
SensiNum520;13235.155768121454;0.00686277389072778;0.00794809812562435
SensiNum521;514.8520877713784;0.001841441611716455;4.297541196425407
SensiNum522;8585.737842182549;0.019156854621970747;1.522285154030333
SensiNum523;8.189699091038241;0.0024820440008169863;3.5911119488546683
SensiNum524;3.0965239616534967;0.0010120621642336395;0.0054002423573481255
SensiNum525;30171.673490970414;0.007093670089382058;0.6857772670677987
SensiNum526;17.079248429284124;0.010043775418061496;2.422894912866582
SensiNum527;11.505014028981233;0.004498690894405314;0.27191004992169715
SensiNum528;56.16859865302046;0.057518794911543186;5.377168245403553
SensiNum529;3.3077372448276807;0.007899567612278125;1.566766170792498
SensiNum530;16956.63999101319;0.11680568647970367;0.3275282933447886
SensiNum531;364.4021606283184;0.04021137806138131;0.8541879780628039
SensiNum532;1.5740911370157276;0.06922557835809356;2.2352152119785873
SensiNum533;11.009726884569798;0.0014390411358758547;0.8700849307026156
SensiNum534;3574.988415967783;0.2407908906536143;0.0027245065668693555
SensiNum535;6.520813807848293;0.024560787239682;0.001151575676618257
SensiNum536;84905.94636564516;0.0010852833214658433;0.006030151898305958
SensiNum537;753.0096738793101;0.003441719541932346;0.01741432886372786
SensiNum538;184.66269494433618;0.010166364778436016;0.0030175967802372307
SensiNum539;24.760775504291182;0.005865915738055608;0.03787134181589842
SensiNum540;6.533739870236233;0.4804851429001683;0.002876661544473589
SensiNum541;7.39028782327721;0.004218430069708369;1.1863155833971468
SensiNum542;95.7290918367873;0.008239019492250954;0.007247862651403617
SensiNum543;51875.41230836959;0.023499816910220163;0.1679876886567557
SensiNum544;196.38185968158618;0.18982158133660343;0.0013314456693398313
SensiNum545;32315.028436544995;0.002309922764394471;0.9426916155557064
SensiNum546;680.521645356503;0.0025257598026243388;8.432516814118772
SensiNum547;5615.52636868741;0.005339685124678462;0.3522279107741043
SensiNum548;2421.674868329446;0.42855205525194645;6.045793387174085
SensiNum549;910.6359304319784;0.01870595460679071;0.021405232330273798
SensiNum550;3.8074573487123664;0.005136294338257263;0.17705660950996852
SensiNum551;264.7973153309828;0.3559528455467238;0.0017113987738662099
SensiNum552;288.972039010402;0.01830250554427737;0.344459521558494
SensiNum553;2663.877993269117;0.059544841324053445;0.0025965700739042684
SensiNum554;3732.9621063569675;0.004414038237480045;0.21325532239258616
SensiNum555;5.560511449749706;0.17612371734883644;0.002533048938221531
SensiNum556;260.17672088996693;0.03291534536058237;2.935967554450033
SensiNum557;82.33080327470377;0.008447131408985068;0.04644149251474893
SensiNum558;349.2464023199142;0.21075009118242669;9.064006577629154
SensiNum559;66.28043050829547;0.006541795411685603;0.0012093640889908202
SensiNum560;44.04528902355675;0.05631168329692264;0.05278985891481899
SensiNum561;2849.9678645305776;0.10858831442990992;0.00556675578423049
SensiNum562;6.710952847178509;0.38676052808954264;0.06995112800358533
SensiNum563;1.8042756788251657;0.16949130480315824;0.1905538596873717
SensiNum564;22.14183250124356;0.004579388956161459;0.022007940610770816
SensiNum565;33285.65658861487;0.014306501478906535;0.13191606415028428
SensiNum566;1.4303061886481034;0.3932222517525391;0.6845849093117521
SensiNum567;207.00614248447152;0.024771635541664134;0.3870142864211586
SensiNum568;7372.152650318594;0.012270027184619526;0.03679428185240006
SensiNum569;1.0518464343617082;0.0015161499412606099;0.00458869965059413
SensiNum570;7.377017756915157;0.0014160010334659163;2.512056175320864
SensiNum571;54866.03130139984;0.002365220406692477;0.15756831121656292
SensiNum572;37.68411472244337;0.030707078093020954;9.990445982944363
SensiNum573;325.90838173953216;0.008678508440238264;0.09244365642325368
SensiNum574;1.2381044064438305;0.0077912783159449;0.003153000745005939
SensiNum575;745.1773793412985;0.0034407402455392663;0.3056240723351243
SensiNum576;38969.18433940835;0.0010280490476878153;3.395726858837995
SensiNum577;53.56841891727952;0.3706588828680422;0.0556238961527507
SensiNum578;5221.9177375381405;0.0026387569901014387;0.5485390059254863
SensiNum579;8196.209201889407;0.20130690380406477;0.8253688493794448
SensiNum580;5623.13527360526;0.012417185753187978;8.787047247688234
SensiNum581;1343.8834072206453;0.002688896569754521;4.488079311497581
SensiNum582;8788.011844423274;0.29074735573291105;0.3141425503532032
SensiNum583;22799.84358382233;0.006467609594124199;0.011683813318232898
SensiNum584;19.28401478745899;0.003764941919012555;0.21262582996089502
SensiNum585;1687.9437174660015;0.02269144783991249;3.092675892285376
SensiNum586;17843.834856631704;0.039601920440825215;0.8448259892045689
SensiNum587;148.0726239153502;0.27783501689691725;0.006493924393834715
SensiNum588;24393.068800488232;0.0020272827691890983;4.248878728220988
SensiNum589;29.490380236555037;0.03676204797295562;0.013672420320003063
SensiNum590;1173.6612812623373;0.0018879448379055521;3.62604224532187
SensiNum591;1.419305212308755;0.06629564697001875;0.02571748058696956
SensiNum592;48209.86169730495;0.0016576319239184202;0.0017409393828858625
SensiNum593;17.285156558204683;0.0012020324775382648;3.0508090388918214
SensiNum594;18.409963943497516;0.07404712876972583;0.368193951859086
SensiNum595;78.03097583394654;0.006753032992626002;3.3293902502755515
SensiNum596;74156.5259428476;0.22436141734009363;5.819707434463298
SensiNum597;17530.74160693177;0.003480529015474745;0.01345529949608318
SensiNum598;37.2677138767819;0.02658152698168654;0.009040253753275058
SensiNum599;12.418782143600321;0.3661047805917998;0.0029960696514750415
SensiNum600;1889.8065530572242;0.04493099497985875;0.2666185843038554
SensiNum601;430.1960437095703;0.0013001412564980002;0.11517229884785378
SensiNum602;7239.182088269796;0.1537231629696426;0.044275809584336516
SensiNum603;1932.1698697099637;0.0075309927067550575;0.0026559351955882616
SensiNum604;12.653794665307823;0.0028946304385302104;0.0019524583621050814
SensiNum605;4882.23066253524;0.0019888294684522858;0.8605174917656405
SensiNum606;1.033725021430773;0.052848156730817816;0.0176335885048459
SensiNum607;108.96305431933843;0.020378305122478364;0.06341817103705867
SensiNum608;1.1967490222433939;0.09482552805821193;0.8105533627369311
SensiNum609;17449.539879550557;0.3782938404229909;0.3315692174454635
SensiNum610;5.370775342209897;0.014600682072155874;0.0067289250406823735
SensiNum611;52.89782756505011;0.0479030306097621;0.02302008247428011
SensiNum612;6.765616925857273;0.18746656303364703;1.1756608063075757
SensiNum613;27.315399594591906;0.0029112923023280326;0.012674780854792829
SensiNum614;11578.719986923576;0.0015249073535308318;0.016004662421002857
SensiNum615;157.4922795838511;0.06432605997898669;0.0185129121608196
SensiNum616;352.47895854878925;0.0321339701299442;0.02780297451413683
SensiNum617;15.072335538435423;0.0016758255024264524;0.0037261177036124245
SensiNum618;14882.871637262442;0.01870514414859104;8.02953997549298
SensiNum619;20040.16519800923;0.0960167586360083;0.004411328853221195
SensiNum620;50.02646054384918;0.21314852961835948;0.04320825237968422
SensiNum621;3083.4380201211866;0.09698618685739974;0.28655546989813235
SensiNum622;429.3942486519841;0.017613089464353818;8.507296992268211
SensiNum623;42151.46710507409;0.3463903566757956;0.0772274180713983
SensiNum624;14428.218209370392;0.04710055315480314;0.03725563947131985
SensiNum625;52.23697852298514;0.015857786105778808;0.44145036257497083
SensiNum626;3222.052428983383;0.06642763278215398;6.76953642504545
SensiNum627;267.5988648988245;0.007158935003250968;0.0013748706635275528
SensiNum628;2.7097953359129807;0.0032469332461252166;0.08494492816130993
SensiNum629;30876.721258522466;0.32229312526738324;0.0022412626250009893
SensiNum630;7.364024547436085;0.002072917945276018;0.02489679045316607
SensiNum631;1494.3790211755475;0.08853260293604373;0.04368182472405046
SensiNum632;45946.97114421974;0.00232467936164289;0.6973598494908346
SensiNum633;33.436083140400235;0.07182478875802781;0.662727396739747
SensiNum634;9.529489641540483;0.014543765880699248;0.17063228743128692
SensiNum635;4.463911841390181;0.06307212217412249;0.34325343241639245
SensiNum636;5419.732014590399;0.22403933320327507;0.025730325492251745
SensiNum637;67.08094358535905;0.01468798063228634;2.84152009918291
SensiNum638;43473.15787770513;0.10440517643108453;0.026057561311497265
SensiNum639;47.372870289332006;0.2563094432451334;0.05049640143109683
SensiNum640;26.075092254088656;0.0010100673177522662;0.015194489997706725
SensiNum641;15.493142177626384;0.008523395529842125;0.0046033799367842035
SensiNum642;28.747515183048826;0.03174965355863449;8.073463662970804
SensiNum643;1522.9897165796895;0.050820220946235894;0.0010015977488327403
SensiNum644;268.1251097587973;0.0019970248424668693;0.3151081160721497
SensiNum645;43.07795231800698;0.2906765065729846;5.039564184297659
SensiNum646;1112.6162630705248;0.007362805163345247;0.0010378267063026782
SensiNum647;7.136759474884736;0.3440406497011144;0.8534278801399455
SensiNum648;2.346730562440345;0.07604469840355563;4.864427288850491
SensiNum649;336.68593412933734;0.17703705718702495;0.0012362234486690703
SensiNum650;11.738803385054961;0.002137478658448413;0.0038379674350091154
SensiNum651;90.15328402250995;0.004204189744003372;0.0356457414761821
SensiNum652;1.3548123851760852;0.22076813742730148;0.0010855252032948223
SensiNum653;1.2371387515246657;0.003115288657153092;0.036744367590773985
SensiNum654;4375.486060851715;0.011349359381465888;0.105718443617257
SensiNum655;10.396873547331717;0.04849447425000409;0.014481138762344253
SensiNum656;73.13298747627863;0.0027748891050324827;2.791866808055113
SensiNum657;6642.867278213063;0.09369108433752323;2.5456213899090345
SensiNum658;907.9466036361111;0.00375118063594716;0.0029908974631918995
SensiNum659;10.519931601117868;0.0011500209828730608;2.7659421301986193
SensiNum660;3520.3660898573225;0.007736318978898382;0.20275858553967813
SensiNum661;158.0972378291628;0.44319329007161634;0.04912791892240628
SensiNum662;1.92752675146514;0.0028314533846161534;0.010258395589794347
SensiNum663;1.747284472880286;0.011613573371267142;0.05404765148975343
SensiNum664;15.75104853875284;0.005197063001462017;0.001446640674869603
SensiNum665;18.482085720581917;0.08775458127713531;5.440829382236595
SensiNum666;19.01744301346339;0.0023776360563606204;0.05291030089229725
SensiNum667;1.0557868292973998;0.23385766199835384;0.03165814716837201
SensiNum668;247.50073885408185;0.23599212031655786;0.6304590168069985
SensiNum669;10588.357079583853;0.001826991274831508;0.007044897650365736
SensiNum670;3750.236028743442;0.020489273884843725;0.030021336632312993
SensiNum671;732.005506700849;0.10314846279825593;0.004103597769893467
SensiNum672;4387.5245400830245;0.06403915733236953;0.02889853805151986
SensiNum673;72.15751413517378;0.0016219706828669118;0.3130800603087532
SensiNum674;4302.958553954492;0.0015329047305345735;0.07853085732479125
SensiNum675;1.8813952756040055;0.05876378389397822;0.08795638670479995
SensiNum676;13.686541377382357;0.015390883431687924;0.005638982446204657
SensiNum677;39892.277782310994;0.04375990983115727;0.5560962616525258
SensiNum678;2745.5769605392206;0.482477388978492;0.00514416064022648
SensiNum679;7909.353936086842;0.0023680338618685547;0.6587698196376527
SensiNum680;74976.05544973881;0.007912841293456605;0.01280940657265545
SensiNum681;5.870186508398883;0.012856730188867174;0.001526106105796996
SensiNum682;377.63217646434856;0.0010309942255773853;0.004164483948996888
SensiNum683;19.065365084503043;0.25395413515243104;0.04698188021590504
SensiNum684;3014.7167015154228;0.024941511735142887;0.0075128346888996035
SensiNum685;2.4944941375750727;0.37113774243863307;2.6054906081240876
SensiNum686;2.29615838249848;0.003347350732800039;0.7612955915265528
SensiNum687;351.2135802109166;0.018139603702916937;1.8286415088012902
SensiNum688;5233.349410926742;0.16444808562229757;2.513840464426155
SensiNum689;20.858560382880984;0.008771315536981033;0.12197594183037302
SensiNum690;53409.81910446616;0.02221576987003635;0.002186068242620755
SensiNum691;4708.896217895909;0.03142155742545067;0.058397423305839816
SensiNum692;57.18952156561232;0.4366307631027087;0.01007965804201739
SensiNum693;3.0532270720644763;0.04319227414808259;7.237234198492272
SensiNum694;60.693356165620514;0.08580991786438694;0.36937255511773287
SensiNum695;2.0126401512081356;0.009972034449848661;0.0013958368652838313
SensiNum696;4993.04458039164;0.10518367780912091;1.2829386088711932
SensiNum697;1.287141899755612;0.2907034336550684;0.035741375384041534
SensiNum698;64528.90888259393;0.002348454728321985;6.869889935177084
SensiNum699;30173.797190698828;0.11752186510656477;0.011981890432803899
SensiNum700;32134.65297092306;0.3615106692834927;5.708531508834166
SensiNum701;1341.5240485050936;0.012168785550403585;0.06649096287335626
SensiNum702;1325.4763646348144;0.08086981510514933;0.026959513603107655
SensiNum703;239.12657053351367;0.001994922757113091;0.035128924582358376
SensiNum704;2833.911992156799;0.012208103504106128;0.002223966507493272
SensiNum705;4069.0001063122945;0.004959955124232929;4.727939177341811
SensiNum706;1396.9409351029265;0.0038227111158776945;0.0012835845655145856
SensiNum707;1308.6532400178287;0.0065176091363057815;0.15677406873319827
SensiNum708;2780.0115402143074;0.4218994659588772;0.011912600586105613
SensiNum709;332.5768878469219;0.012651637232404946;0.0016531416936333386
SensiNum710;79.4137730952436;0.32298497847221974;0.22157795317479495
SensiNum711;153.131302126615;0.02578327806180099;0.0020795939154833226
SensiNum712;3391.189185323856;0.008466091681864957;0.0045013058406593535
SensiNum713;11947.7360733959;0.28210915160074246;0.027826817523593513
SensiNum714;3.2315583439566384;0.004569132336771223;0.30139514159104136
SensiNum715;2465.4969576718904;0.09504535404511247;0.005345476460310974
SensiNum716;2434.168716404231;0.015769128967445017;2.323128650313589
SensiNum717;2.3327473063959903;0.019823131791813782;1.2686895216544631
SensiNum718;5534.2821477461175;0.00427390657810379;0.22192800261966902
SensiNum719;125.71835898293664;0.0012917196307603567;0.02892902590815193
SensiNum720;4.707621283846166;0.002079007875050044;0.004574527138919649
SensiNum721;36.5627706792723;0.013988686751453238;0.03769603651023189
SensiNum722;105.10707653853255;0.0026546803588217947;0.09295677394974855
SensiNum723;421.9290611185756;0.0011194699449700307;4.412101500202624
SensiNum724;2.0021509524841843;0.28662576955166513;8.152562519923704
SensiNum725;71.93500583539375;0.0013730617219235208;0.47632329345197333
SensiNum726;331.00964037081616;0.0014884908865743826;0.014322955782639276
SensiNum727;2718.6608871240956;0.0013811714224032275;0.07954260018685798
SensiNum728;4.620106775360547;0.013167579040745388;8.917855414351425
SensiNum729;17.379837984633074;0.48487726344392484;0.9628788018470297
SensiNum730;465.5739067678589;0.00575346786643656;2.019139586482968
SensiNum731;29.634808963349617;0.1280919541100678;0.030210285810260185
SensiNum732;15565.008226717882;0.017203453664193364;0.027307260508310456
SensiNum733;432.6496314623898;0.00473342196465695;0.0033659061763786314
SensiNum734;113.11644114097486;0.004878883535628691;0.004825639863925643
SensiNum735;26889.734371662176;0.002791377782164931;4.546061114515444
SensiNum736;74.58700232833989;0.002128131443877435;0.07674481864963092
SensiNum737;25.971993851486204;0.011435347638639912;2.663819147273087
SensiNum738;510.36746787702043;0.039676943935680845;0.5097760714498158
SensiNum739;129.72230547168303;0.004906453124511512;0.10239530725444118
SensiNum740;9.87789720915281;0.09185611981610418;0.5064025187056131
SensiNum741;1257.1710363350935;0.0018689097731985499;0.042520907953729474
SensiNum742;5153.717305670569;0.009020494768841508;5.772635294430243
SensiNum743;27907.236926979185;0.029878619653481084;5.507707636988901
SensiNum744;993.0396250932657;0.0022559178852486293;0.0781178390099112
SensiNum745;14546.107892128324;0.05903420816990087;5.9634508671240924
SensiNum746;32.2228707711202;0.01806733939665244;0.0017507631225418862
SensiNum747;24.223418329400083;0.40938021855788215;0.00192764280616122
SensiNum748;743.2860472321006;0.18278354133146818;0.3019971875402435
SensiNum749;3155.2948431802624;0.005858913027990125;1.0863825376380642
SensiNum750;24957.086798887805;0.026652245289335533;1.621317895533223
SensiNum751;17066.31985994813;0.0015777234247688304;2.658056329415769
SensiNum752;9683.683107192031;0.00159650523324933;1.0285965473578425
SensiNum753;46.49724660838879;0.0011355471968648883;2.0370393067160864
SensiNum754;8.961608806735388;0.07877679440513269;0.040199437793496724
SensiNum755;58.06945913241224;0.14155397355013358;0.012128338531378102
SensiNum756;41686.68248351929;0.052158589326074596;0.0015202084490684598
SensiNum757;54494.969005848114;0.14396073171138518;0.03314994121350559
SensiNum758;3038.0245257136353;0.03365189665096521;0.954676901332346
SensiNum759;5.01831395584566;0.005265221620537259;0.1902192761581401
SensiNum760;149.8404839214441;0.06867720284828305;0.01847764244337154
SensiNum761;36.923468689742364;0.010957942041231223;0.0010214417010504877
SensiNum762;12555.317405177915;0.013268817043378315;0.21642779529386813
SensiNum763;25725.813755125768;0.03953779214631939;0.007319824022197217
SensiNum764;1227.7266179812414;0.013027853566442035;5.243945743534071
SensiNum765;46204.8546288199;0.0030127122253930747;0.27689397313906733
SensiNum766;591.6018065835223;0.0757877402416307;0.03271131546014748
SensiNum767;2884.3115377489503;0.039288597917045816;0.017829155441962636
SensiNum768;8752.804835852927;0.012769028559023612;2.114017645789434
SensiNum769;290.52866415575556;0.010956439906587198;0.00729456327321977
SensiNum770;32.47314748388895;0.3364252113363868;0.05563122274055667
SensiNum771;1491.124494445408;0.07117314251213125;0.2840679929591229
SensiNum772;197.24737208308764;0.024872443648318126;0.22312861099933332
SensiNum773;45918.918832832984;0.033232869163746195;0.3625970389865015
SensiNum774;4210.545531376623;0.08587526209119954;0.030214877768774857
SensiNum775;894.7457000951119;0.1439193918471214;0.10139264214439177
SensiNum776;35.36435458024997;0.003652767499610148;0.00848609643064593
SensiNum777;61.184780585677885;0.2879243188325154;0.07345057258155777
SensiNum778;6.233141296263615;0.03614624775133119;0.5111490714000958
SensiNum779;2764.116357516026;0.003264518313784034;0.005327179612541069
SensiNum780;5591.79989297977;0.42732599353851897;0.17503477764141456
SensiNum781;4.788628238798347;0.004070979055375542;9.308734752653956
SensiNum782;11.223291827575263;0.3827155101338391;3.371707454565017
SensiNum783;116.48628538857247;0.0021495428377546768;0.1762626095934534
SensiNum784;3139.431861299117;0.2889896998535953;0.10618831610264001
SensiNum785;17539.82866434601;0.0018475341117479092;0.01379680180229542
SensiNum786;8609.788098394398;0.09840029123631393;3.819822615371195
SensiNum787;9.77154819435338;0.04921669990563761;0.13836854225115633
SensiNum788;24.16648911399205;0.27038838949436167;0.21506555515962378
SensiNum789;1548.948975968618;0.0011885615983705919;0.8308979503973631
SensiNum790;71788.53293148639;0.04935946915956435;0.015843287233051156
SensiNum791;4.552276164030803;0.005271619781025015;0.04418266500105764
SensiNum792;3045.09730020799;0.016937698739715915;0.027094131163081004
SensiNum793;409.52070098436735;0.007173470369991991;0.0022515147837345395
SensiNum794;9157.253758876876;0.01081214586880089;0.0031481819388909827
SensiNum795;26067.202538128873;0.002503941245364008;0.11011577891695484
SensiNum796;2415.7755453161826;0.0025043998491830304;0.5241214796782289
SensiNum797;23937.63544868391;0.11286027206629008;0.010178527760851213
SensiNum798;37078.89840976271;0.0022532284676099273;0.011410251059088957
SensiNum799;21716.97417943271;0.027109569229407875;0.0019550884703240876
SensiNum800;306.9112145397204;0.0065658638920627595;0.007707201027525224
SensiNum801;4125.734095860561;0.0693269784940949;1.7050889486543632
SensiNum802;61.59046271829685;0.009236769601617806;6.093157004576759
SensiNum803;369.9693126540356;0.23453739647649535;0.00317016792385221
SensiNum804;772.5424664728229;0.01262256216777978;0.17444103556725665
SensiNum805;10.900605984121963;0.1998911017202711;0.0320877219765573
SensiNum806;4920.36073683705;0.31220290683873253;0.005755331174634159
SensiNum807;8401.75577616809;0.009269994574774818;0.4446422171817894
SensiNum808;302.28997175496005;0.2512209469143268;0.9419451588527048
SensiNum809;2.748389906263866;0.0014587286422562391;1.463991991121473
SensiNum810;656.6579832673954;0.008179406271133104;0.020652327129097578
SensiNum811;11.601273417942563;0.3546032673958889;2.6270078248163906
SensiNum812;54.60091853690116;0.00444348152892545;6.454533980274606
SensiNum813;40.47492323836855;0.01467125343386657;3.083503252107377
SensiNum814;74.77830115130689;0.2832356198770592;0.010686847202945304
SensiNum815;1633.037255140775;0.014594291910037117;0.02601840549553949
SensiNum816;63017.38041697715;0.46624007688365215;6.634409135693896
SensiNum817;2.9789992606920146;0.0012606538108568327;3.995059870621859
SensiNum818;1601.3640368035103;0.0451011091171997;0.13674763501547096
SensiNum819;69.36012736270392;0.005249198825530219;1.8787120519280396
SensiNum820;62.46057846298232;0.0019843037041770576;8.644057555176657
SensiNum821;7230.121806361222;0.0011704111706416934;0.002440473602649601
SensiNum822;16.73173401228366;0.09247378679521467;0.0024160590499186724
SensiNum823;669.5541480054281;0.002752618447084583;0.1225999737134537
SensiNum824;1.156237342716734;0.0028322933871585544;0.004165154812198946
SensiNum825;65284.17004764533;0.19502097334186794;0.286767030939071
SensiNum826;2.5246318354558865;0.01409861976976812;0.0010985776832982603
SensiNum827;27562.067965189988;0.05865379239400173;0.0036077538671217776
SensiNum828;4389.625980630682;0.44498210578665626;1.174041166408925
SensiNum829;54.66858682411727;0.10805019463522739;4.162812806070231
SensiNum830;851.7211153840226;0.22881691618799116;0.045589391897731896
SensiNum831;5691.981436433585;0.03327523874902812;0.008596776017946948
SensiNum832;136.78863340044194;0.059419535187098284;0.0028158559607784506
SensiNum833;12506.958462331488;0.28343451102756345;0.03919893958445579
SensiNum834;1910.0806312435998;0.34620732075584393;0.001541526077277388
SensiNum835;63.918331545716846;0.00899742095457118;9.784082310200064
SensiNum836;49295.78349884324;0.05713910734223085;0.0015752713288627173
SensiNum837;47673.51928221544;0.0048769553417240185;1.0034409584270885
SensiNum838;4360.365269051461;0.26131651804753286;0.0945972630482881
SensiNum839;14998.142439390216;0.22940176988044042;0.6295267502042455
SensiNum840;2826.65477070604;0.028550162704679728;0.07735873229550704
SensiNum841;99.25365365066824;0.0014230155033236114;2.01831080213392
SensiNum842;10.853351818492346;0.011884998351886517;0.022629475442288962
SensiNum843;64416.06216170829;0.07713118670641625;0.005547353257176859
SensiNum844;10240.588439818965;0.14718875662392292;0.08837411334375103
SensiNum845;114.24490794870668;0.002093640574954334;4.582771465093275
SensiNum846;880.2688185524048;0.022917631552702905;0.0024957541096723252
SensiNum847;206.4936612752259;0.015500963340210455;2.8599900439706305
SensiNum848;430.46998058588275;0.05058622594311861;0.0013142411292976148
SensiNum849;6.948799863978299;0.2084196991995307;9.87605063916023
SensiNum850;63.15442151859001;0.06239675323365824;0.0020955853505987623
SensiNum851;117.66744494120228;0.0032084336674899744;0.007814476521260487
SensiNum852;7205.898216497326;0.13375370076923832;0.0016879092607779232
SensiNum853;14.689147525106588;0.007815104706324863;0.008792761996286556
SensiNum854;37630.023015430605;0.06340207068839791;0.13103162006429256
SensiNum855;1874.6807155089364;0.021787971650076027;0.07947506195353689
SensiNum856;43.903764256333815;0.011067349936788127;0.3152386219485567
SensiNum857;4334.338097884968;0.02036589012419711;0.004039152178717419
SensiNum858;10150.389652047146;0.04828898507722947;3.2746225407313307
SensiNum859;18.010121988388903;0.0028783109633629374;0.4398235038859174
SensiNum860;45.664563610988075;0.32323102116791796;0.002115220486113265
SensiNum861;2.49477883655407;0.0028072831917045527;0.06939894723151328
SensiNum862;1033.791848950598;0.013432760959212645;1.6788584970070008
SensiNum863;8127.223882129824;0.0071300148914680865;1.920729475432673
SensiNum864;15348.271654789283;0.029300875946688627;0.031607073208234394
SensiNum865;8105.118017376231;0.007252065368687477;6.347001248624738
SensiNum866;538.0575816835467;0.00772668507267028;0.04186285813238219
SensiNum867;18.39447490412847;0.04611171381132343;0.00848997216048904
SensiNum868;20201.49153450254;0.0026594502222055316;5.499984389223072
SensiNum869;17.873951244399752;0.38407357730366193;0.6960557541844145
SensiNum870;72108.47359845789;0.0015919809417246922;0.12452430795370018
SensiNum871;12568.679537250444;0.26759907389961424;0.002942323605978682
SensiNum872;11521.41384393452;0.10034215261691697;0.0032093489501815045
SensiNum873;8.087549571287736;0.17275273254733348;0.0018272204633134309
SensiNum874;26779.464918049434;0.005071421031790346;0.0010842007544886513
SensiNum875;10759.353791481748;0.020514916894554654;0.421616053460537
SensiNum876;107.46308726918198;0.005683331311102432;9.129545783365762
SensiNum877;18574.924644187322;0.02116604949781618;0.007126090674157507
SensiNum878;2.085552654894929;0.002056485651640633;0.10755216180329463
SensiNum879;9.143895531625056;0.005475936506645354;5.898641490709393
SensiNum880;490.92021677292144;0.0010634401071609575;1.1349052456904645
SensiNum881;5244.698059972887;0.4483330634567184;0.0021060693938845035
SensiNum882;108.20587895219253;0.0013872954330100455;0.03979675133391788
SensiNum883;619.4825587763734;0.4931296446215671;2.5957072003512134
SensiNum884;2500.396097001384;0.0010011137069973336;0.009016503035860523
SensiNum885;2390.247169739721;0.4702150750579612;0.028192961346670247
SensiNum886;153.4116251629797;0.013011122876146189;0.36141548079566355
SensiNum887;58265.0700071404;0.06865031919321861;0.39705739671945317
SensiNum888;3.9534459071575685;0.016417388291474176;0.02141947024342969
SensiNum889;17427.42127269601;0.21748810722677656;1.2635907459936486
SensiNum890;7210.086352780833;0.23956198130067724;0.0014590985146646874
SensiNum891;70535.64869751188;0.12621380778893246;0.2891887258742149
SensiNum892;1865.4534527300343;0.02841788544548767;4.006301704768489
SensiNum893;1.5340181567411209;0.00261718796140187;2.887388296894586
SensiNum894;3.342632010423364;0.0974348397445323;0.31142548858475994
SensiNum895;11.913639590699937;0.007354781956575636;0.00748531068430558
SensiNum896;9.272980167115934;0.26761502285076133;0.03815409518123125
SensiNum897;26.609306440226018;0.3115668932724285;1.0844993704333934
SensiNum898;16.101131326697715;0.3742089389914769;0.9517412588723507
SensiNum899;75250.65781070032;0.11920893293133833;0.8833376644295005
SensiNum900;4342.425150695275;0.0023505020052514017;0.08200164204988472
SensiNum901;80136.34726812429;0.021996207326198582;0.056373914019712895
SensiNum902;1711.5422206443623;0.2740257781711968;0.7689513975103619
SensiNum903;4.404116874479669;0.001331919592848335;1.7356190497554824
SensiNum904;17096.480982231642;0.009561065884762203;0.5806806279306835
SensiNum905;1.3937601845643819;0.17192878471012207;2.9571670115750637
SensiNum906;29.063559037998772;0.008031789455183538;0.033181078698613205
SensiNum907;5633.38944941582;0.031556151786401206;0.6997051637734945
SensiNum908;1.7555278564091936;0.005855139205891803;0.005413899581928475
SensiNum909;11.093702520598988;0.0012956978060622093;2.0184021080607972
SensiNum910;1.0532084452649433;0.01577199664436137;4.221257772177876
SensiNum911;6.775726153324979;0.019534489317135487;0.0017147637223116807
SensiNum912;41.4528164024384;0.019428452345699048;0.021294198644599527
SensiNum913;2049.3349859958907;0.25489841290931753;0.05577101797978046
SensiNum914;217.08754663028816;0.0018774813794873886;1.878842113373392
SensiNum915;65.20648120789738;0.040076231332559026;0.050398426822574414
SensiNum916;6.8407349223420955;0.34584061583809617;0.0025839596824180156
SensiNum917;7.19252026174369;0.0013958674553606575;0.027073233494058446
SensiNum918;34.62241796089189;0.00862022717222574;1.5830012461963583
SensiNum919;2.2734083201127206;0.020193340010113015;3.8386522090601067
SensiNum920;4749.049713549441;0.04950144564721923;0.004814754898144655
SensiNum921;3633.8077620946788;0.021561703225055424;0.12570560568649897
SensiNum922;49.82771490673474;0.0028199268662757113;0.019928266560404456
SensiNum923;25368.121768722187;0.0028005362265579583;0.6918969301950164
SensiNum924;30.83390897527197;0.2759085406946151;0.1938527963835851
SensiNum925;1.0958141413356515;0.0010353938789887827;0.05260673028124817
SensiNum926;25.35514120110329;0.017771448781959052;0.001259449067568168
SensiNum927;4.430936976504915;0.4340793438065688;0.0010808169795912962
SensiNum928;6.0781585914994025;0.0022783057487357353;0.5053475354690916
SensiNum929;24.16885321586462;0.023366297585721427;6.345788369006717
SensiNum930;37670.82513696562;0.16791185344898601;0.06405938597291742
SensiNum931;56219.91445410946;0.019245559455295477;0.1042432341061347
SensiNum932;11303.921008963345;0.0858505878020984;1.131337075526684
SensiNum933;5.469526677438458;0.0013001192873099005;0.10637477240354935
SensiNum934;4.983007894690502;0.00415119110854963;1.2178908935839037
SensiNum935;539.7031109481234;0.18259532741772033;5.6247035529305816
SensiNum936;1.2727595048480136;0.002674611856642473;8.930527755437673
SensiNum937;15339.169382381471;0.3993295083558683;0.2675867587204629
SensiNum938;1809.6876125013941;0.0010522828967871342;0.00786439268553518
SensiNum939;238.30380168427078;0.07733823399106055;0.4480342296673967
SensiNum940;15044.451981224098;0.07618959173397527;0.584358510343133
SensiNum941;100.76424437562743;0.0013678634317710436;0.00847520857245619
SensiNum942;3245.252930800348;0.18223967614071981;0.0026115643478061717
SensiNum943;31.87785725198458;0.0013984199526404617;0.6839389171875946
SensiNum944;51061.614973967386;0.002729333985344742;3.32898854466658
SensiNum945;74.62151592000212;0.19009163277741653;0.09598440895796988
SensiNum946;18.174841255958253;0.33840669582794736;3.3695630351490893
SensiNum947;319.3264805177153;0.0548154830435702;0.04032465417828626
SensiNum948;14.351284472727643;0.00427614712149557;0.0116241559719941
SensiNum949;3.274737411535628;0.029979293862114214;0.00619949608405625
SensiNum950;13475.779072621992;0.017925919770945806;0.041954789269653216
SensiNum951;26.45980868863596;0.07443345797679456;0.01958401033642804
SensiNum952;3.2470319429194396;0.0026903582398389385;0.5682138357082095
SensiNum953;1.2396756965288134;0.005451511776295437;0.1759200114069963
SensiNum954;153.57278131777187;0.150666857097583;0.7888783945307449
SensiNum955;124.91087893099596;0.004164922415744119;7.482877106528981
SensiNum956;1413.318575363453;0.012033107146907196;0.003032078964497215
SensiNum957;29425.357332019517;0.0010304365669453195;3.5447025447043687
SensiNum958;60633.79978160928;0.003916874241546315;6.6747307596891385
SensiNum959;1.7215189279998646;0.2477554791941202;0.02130437694798362
SensiNum960;2.9415412819918756;0.3543337456075596;0.00410496052918701
SensiNum961;20.77629391071421;0.3548688722879521;1.2514503713537959
SensiNum962;30.58339958021168;0.11596695610187754;0.0024660681759138305
SensiNum963;72.63151816305746;0.0022018445783157283;6.285500521804687
SensiNum964;33.90344742787957;0.017709643870136255;0.5227026968470931
SensiNum965;56.57349460461231;0.0026866471556957904;6.688534052818845
SensiNum966;1.9514296667664335;0.011319670836918956;0.001973168503878999
SensiNum967;35310.52911277294;0.1609950788557949;0.002112513081243849
SensiNum968;9.510900956055648;0.34002903165237786;0.0012158032591099697
SensiNum969;1.7705433011027412;0.07865782943769159;0.001579488242777347
SensiNum970;1.1145413845901915;0.10192576501747741;0.0026605755032263236
SensiNum971;7.826141495038653;0.2774997042147615;0.032055942382597485
SensiNum972;2589.1486748853276;0.06496768286183802;0.45497965078039804
SensiNum973;33.12173059066326;0.005065676795716559;0.5904721277857857
SensiNum974;8654.120090238235;0.4918984630711147;0.0023928602718303505
SensiNum975;21566.017097555145;0.42786499780703696;0.9037305577550298
SensiNum976;663.8232360522135;0.3204531138354053;0.4539438111282574
SensiNum977;14.35477099946636;0.005060242284160322;0.0787024158684269
SensiNum978;421.5240053270206;0.19722428760468086;0.0010993787960621472
SensiNum979;9963.229753263646;0.010874783725065165;0.0012642800296689025
SensiNum980;2.4901623547645686;0.0010278035780222296;0.6535953917762566
SensiNum981;14283.511317747669;0.062195310088644165;0.017399599435210564
SensiNum982;8.478269407574412;0.05870052641930009;0.2805050757158891
SensiNum983;319.8654980596245;0.0034472703713146965;0.009430200478926886
SensiNum984;22742.862209130803;0.022119359369939567;0.0018762106507686702
SensiNum985;23801.97593768779;0.017742246840721836;2.795816990457632
SensiNum986;20657.478372722082;0.029103941241368596;0.009245067836199635
SensiNum987;1.0018559311020545;0.003315962770566567;0.1337262073826025
SensiNum988;14800.037094494273;0.0053526252074998166;4.084963897139195
SensiNum989;23.043678355545357;0.0581239111185212;7.9704987415668
SensiNum990;276.9841041330065;0.017885896630565265;1.2219312336333117
SensiNum991;13.173718687919486;0.029073393782635477;0.0019475272480149435
SensiNum992;5.541208970275705;0.29837097214864466;0.007111530655818207
SensiNum993;2009.128225645029;0.010090366932435278;0.058111994027338035
SensiNum994;9.559644377982371;0.41602738936158207;3.0467458171500965
SensiNum995;44404.35807574709;0.0014995872521631434;1.1568596300282827
SensiNum996;4858.931206687605;0.01449107884030598;0.22655444149111084
SensiNum997;4771.150730206951;0.3707881976770654;6.802430171576608
SensiNum998;120.0050076940145;0.0012471697169569248;0.07565795481059424
SensiNum999;26.99493454832978;0.03618333462456147;0.0021528057804842543
